ntpb,npts,nTriMax,totalRuntime,totalCPUTime,totalGPUTime,prepForInsertTimeTot,insertTimeTot,flipTimeTot,updatePtsTimeTot,seed,distribution,deviceName
128,4,9,0.003640,0.000229,0.003411,0.002720,0.000089,0.000559,0.000043,0,0,NVIDIA GeForce RTX 3090
128,4,9,0.003677,0.000211,0.003466,0.002797,0.000087,0.000541,0.000042,0,1,NVIDIA GeForce RTX 3090
128,4,9,0.003639,0.000214,0.003425,0.002750,0.000089,0.000544,0.000042,0,2,NVIDIA GeForce RTX 3090
128,4,9,0.004105,0.000318,0.003787,0.002800,0.000113,0.000817,0.000058,0,3,NVIDIA GeForce RTX 3090
128,8,17,0.005128,0.000425,0.004703,0.002778,0.000131,0.001715,0.000079,0,0,NVIDIA GeForce RTX 3090
128,8,17,0.005111,0.000431,0.004680,0.002787,0.000136,0.001680,0.000077,0,1,NVIDIA GeForce RTX 3090
128,8,17,0.005049,0.000693,0.004356,0.002922,0.000129,0.001228,0.000078,0,2,NVIDIA GeForce RTX 3090
128,8,17,0.004688,0.000433,0.004255,0.002928,0.000137,0.001112,0.000079,0,3,NVIDIA GeForce RTX 3090
128,16,33,0.005625,0.000609,0.005016,0.003017,0.000157,0.001731,0.000112,0,0,NVIDIA GeForce RTX 3090
128,16,33,0.006055,-0.004064,0.010119,0.007982,0.000166,0.001858,0.000113,0,1,NVIDIA GeForce RTX 3090
128,16,33,0.006037,0.000861,0.005176,0.003032,0.000161,0.001870,0.000113,0,2,NVIDIA GeForce RTX 3090
128,16,33,0.006339,0.000804,0.005535,0.003030,0.000162,0.002230,0.000114,0,3,NVIDIA GeForce RTX 3090
128,32,65,0.007291,-0.003496,0.010787,0.007823,0.000187,0.002607,0.000170,0,0,NVIDIA GeForce RTX 3090
128,32,65,0.006598,0.000841,0.005757,0.003155,0.000182,0.002257,0.000163,0,1,NVIDIA GeForce RTX 3090
128,32,65,0.007821,0.000860,0.006961,0.003197,0.000187,0.003404,0.000172,0,2,NVIDIA GeForce RTX 3090
128,32,65,0.007417,0.000815,0.006602,0.003073,0.000178,0.003184,0.000167,0,3,NVIDIA GeForce RTX 3090
128,64,129,0.008262,0.001236,0.007026,0.003195,0.000207,0.003313,0.000311,0,0,NVIDIA GeForce RTX 3090
128,64,129,0.009425,0.001468,0.007957,0.003423,0.000237,0.003939,0.000358,0,1,NVIDIA GeForce RTX 3090
128,64,129,0.009134,0.001228,0.007906,0.003293,0.000206,0.004102,0.000305,0,2,NVIDIA GeForce RTX 3090
128,64,129,0.009238,0.001207,0.008031,0.003217,0.000207,0.004300,0.000307,0,3,NVIDIA GeForce RTX 3090
128,128,257,0.012090,0.002158,0.009932,0.003305,0.000231,0.005703,0.000692,0,0,NVIDIA GeForce RTX 3090
128,128,257,0.012892,0.002612,0.010280,0.003397,0.000251,0.005796,0.000835,0,1,NVIDIA GeForce RTX 3090
128,128,257,0.012207,0.002223,0.009984,0.003447,0.000235,0.005582,0.000720,0,2,NVIDIA GeForce RTX 3090
128,128,257,0.012579,0.001386,0.011193,0.004219,0.000233,0.006064,0.000677,0,3,NVIDIA GeForce RTX 3090
128,256,513,0.017005,0.003595,0.013410,0.003508,0.000258,0.008163,0.001481,0,0,NVIDIA GeForce RTX 3090
128,256,513,0.019888,0.004454,0.015434,0.003563,0.000290,0.009818,0.001762,0,1,NVIDIA GeForce RTX 3090
128,256,513,0.016329,0.002935,0.013394,0.004113,0.000258,0.007554,0.001469,0,2,NVIDIA GeForce RTX 3090
128,256,513,0.016976,0.003357,0.013619,0.003547,0.000264,0.008354,0.001454,0,3,NVIDIA GeForce RTX 3090
128,512,1025,0.026488,0.005973,0.020515,0.003282,0.000275,0.013941,0.003017,0,0,NVIDIA GeForce RTX 3090
128,512,1025,0.037850,0.009526,0.028324,0.003944,0.000353,0.019728,0.004299,0,1,NVIDIA GeForce RTX 3090
128,512,1025,0.028404,0.006797,0.021607,0.003716,0.000300,0.014180,0.003412,0,2,NVIDIA GeForce RTX 3090
128,512,1025,0.031293,0.007498,0.023795,0.003692,0.000330,0.016045,0.003728,0,3,NVIDIA GeForce RTX 3090
128,1024,2049,0.053173,0.014571,0.038602,0.003702,0.000331,0.027003,0.007566,0,0,NVIDIA GeForce RTX 3090
128,1024,2049,0.056045,0.013888,0.042157,0.003638,0.000333,0.030447,0.007738,0,1,NVIDIA GeForce RTX 3090
128,1024,2049,0.043007,0.011441,0.031566,0.003405,0.000303,0.021344,0.006514,0,2,NVIDIA GeForce RTX 3090
128,1024,2049,0.055316,0.014352,0.040964,0.003801,0.000361,0.028992,0.007809,0,3,NVIDIA GeForce RTX 3090
128,2048,4097,0.093278,0.024800,0.068478,0.003633,0.000339,0.049907,0.014600,0,0,NVIDIA GeForce RTX 3090
128,2048,4097,0.143824,0.040183,0.103641,0.003933,0.000426,0.077571,0.021711,0,1,NVIDIA GeForce RTX 3090
128,2048,4097,0.106898,0.030448,0.076450,0.003722,0.000361,0.056060,0.016307,0,2,NVIDIA GeForce RTX 3090
128,2048,4097,0.105995,0.029873,0.076122,0.003872,0.000400,0.055054,0.016797,0,3,NVIDIA GeForce RTX 3090
128,4096,8193,0.203863,0.052569,0.151294,0.003831,0.000389,0.114118,0.032956,0,0,NVIDIA GeForce RTX 3090
128,4096,8193,0.329342,0.093511,0.235831,0.004367,0.000504,0.179042,0.051918,0,1,NVIDIA GeForce RTX 3090
128,4096,8193,0.201096,0.047812,0.153284,0.008151,0.000398,0.112321,0.032414,0,2,NVIDIA GeForce RTX 3090
128,4096,8193,0.218811,0.060948,0.157863,0.004078,0.000459,0.116196,0.037129,0,3,NVIDIA GeForce RTX 3090
128,8192,16385,0.406722,0.110929,0.295793,0.004582,0.000418,0.220820,0.069973,0,0,NVIDIA GeForce RTX 3090
128,8192,16385,0.593490,0.169621,0.423869,0.005063,0.000507,0.313440,0.104858,0,1,NVIDIA GeForce RTX 3090
128,8192,16385,0.416202,0.110137,0.306065,0.004582,0.000423,0.228868,0.072192,0,2,NVIDIA GeForce RTX 3090
128,8192,16385,0.478103,0.131167,0.346936,0.004962,0.000488,0.259547,0.081939,0,3,NVIDIA GeForce RTX 3090
128,16384,32769,0.937797,0.243290,0.694507,0.005047,0.000552,0.503517,0.185392,0,0,NVIDIA GeForce RTX 3090
128,16384,32769,1.357719,0.364037,0.993681,0.005623,0.000650,0.734014,0.253394,0,1,NVIDIA GeForce RTX 3090
128,16384,32769,0.795244,0.191987,0.603257,0.004836,0.000517,0.434564,0.163339,0,2,NVIDIA GeForce RTX 3090
128,16384,32769,0.989428,0.242285,0.747143,0.005079,0.000577,0.549525,0.191962,0,3,NVIDIA GeForce RTX 3090
128,32768,65537,2.018571,0.510820,1.507751,0.005461,0.000772,1.064472,0.437045,0,0,NVIDIA GeForce RTX 3090
128,32768,65537,2.849029,0.756739,2.092290,0.006352,0.000901,1.507108,0.577928,0,1,NVIDIA GeForce RTX 3090
128,32768,65537,1.969328,0.501378,1.467950,0.005574,0.000783,1.031553,0.430041,0,2,NVIDIA GeForce RTX 3090
128,32768,65537,1.929358,0.507502,1.421856,0.005724,0.000806,0.979373,0.435954,0,3,NVIDIA GeForce RTX 3090
128,65536,131073,4.139205,0.885356,3.253849,0.006464,0.001122,2.026438,1.219825,0,0,NVIDIA GeForce RTX 3090
128,65536,131073,6.713984,1.563310,5.150674,0.008069,0.001402,3.402710,1.738492,0,1,NVIDIA GeForce RTX 3090
128,65536,131073,4.490169,1.058441,3.431728,0.012202,0.001186,2.153321,1.265018,0,2,NVIDIA GeForce RTX 3090
128,65536,131073,4.607345,1.068421,3.538924,0.007191,0.001252,2.189759,1.340722,0,3,NVIDIA GeForce RTX 3090
128,131072,262145,10.616818,1.974520,8.642299,0.007755,0.001980,4.457374,4.175190,0,0,NVIDIA GeForce RTX 3090
128,131072,262145,16.967903,3.660835,13.307068,0.010616,0.002529,7.928363,5.365560,0,1,NVIDIA GeForce RTX 3090
128,131072,262145,10.781735,1.885398,8.896338,0.007880,0.001977,4.692762,4.193719,0,2,NVIDIA GeForce RTX 3090
128,131072,262145,11.852419,2.272747,9.579672,0.011748,0.002201,4.900826,4.664896,0,3,NVIDIA GeForce RTX 3090
128,262144,524289,29.237902,4.192846,25.045055,0.016603,0.003802,9.650604,15.374045,0,0,NVIDIA GeForce RTX 3090
128,262144,524289,47.570606,8.371777,39.198830,0.025115,0.004915,19.543667,19.625132,0,1,NVIDIA GeForce RTX 3090
128,262144,524289,31.396273,4.814720,26.581553,0.014774,0.003986,10.629723,15.933069,0,2,NVIDIA GeForce RTX 3090
128,262144,524289,32.058842,4.580908,27.477934,0.015502,0.004156,10.623527,16.834749,0,3,NVIDIA GeForce RTX 3090
128,524288,1048577,89.728706,8.795036,80.933670,0.019649,0.008363,21.498882,59.406780,0,0,NVIDIA GeForce RTX 3090
128,524288,1048577,116.746269,14.969902,101.776367,0.021846,0.010072,34.646469,67.097977,0,1,NVIDIA GeForce RTX 3090
128,524288,1048577,90.893997,10.136620,80.757378,0.018139,0.008716,20.148943,60.581581,0,2,NVIDIA GeForce RTX 3090
128,524288,1048577,96.974403,9.679100,87.295303,0.023198,0.009113,22.930584,64.332405,0,3,NVIDIA GeForce RTX 3090
128,1048576,2097153,292.751465,18.682068,274.069397,0.033437,0.017017,44.693836,229.325104,0,0,NVIDIA GeForce RTX 3090
128,1048576,2097153,386.966766,37.129120,349.837646,0.045567,0.021783,87.607056,262.163239,0,1,NVIDIA GeForce RTX 3090
128,1048576,2097153,295.010620,18.927277,276.083344,0.035630,0.017178,44.681438,231.349091,0,2,NVIDIA GeForce RTX 3090
128,1048576,2097153,315.231842,17.607269,297.624573,0.045038,0.017890,48.586987,248.974655,0,3,NVIDIA GeForce RTX 3090
128,4,9,0.004046,0.000311,0.003735,0.002748,0.000115,0.000816,0.000056,1,0,NVIDIA GeForce RTX 3090
128,4,9,0.004056,0.000312,0.003744,0.002770,0.000116,0.000801,0.000057,1,1,NVIDIA GeForce RTX 3090
128,4,9,0.004192,-0.003180,0.007372,0.006438,0.000115,0.000766,0.000053,1,2,NVIDIA GeForce RTX 3090
128,4,9,0.004465,0.000381,0.004084,0.002962,0.000136,0.000917,0.000069,1,3,NVIDIA GeForce RTX 3090
128,8,17,0.005532,0.001150,0.004382,0.002960,0.000153,0.001181,0.000089,1,0,NVIDIA GeForce RTX 3090
128,8,17,0.005535,0.000711,0.004824,0.002984,0.000156,0.001595,0.000090,1,1,NVIDIA GeForce RTX 3090
128,8,17,0.005079,0.000685,0.004394,0.002949,0.000160,0.001195,0.000090,1,2,NVIDIA GeForce RTX 3090
128,8,17,0.005102,0.000520,0.004582,0.002842,0.000159,0.001492,0.000088,1,3,NVIDIA GeForce RTX 3090
128,16,33,0.005793,0.000572,0.005221,0.002950,0.000171,0.001992,0.000107,1,0,NVIDIA GeForce RTX 3090
128,16,33,0.005305,0.000188,0.005117,0.003371,0.000151,0.001489,0.000106,1,1,NVIDIA GeForce RTX 3090
128,16,33,0.006315,-0.004173,0.010488,0.008038,0.000182,0.002144,0.000124,1,2,NVIDIA GeForce RTX 3090
128,16,33,0.006092,0.000691,0.005401,0.003034,0.000182,0.002056,0.000129,1,3,NVIDIA GeForce RTX 3090
128,32,65,0.007548,0.001255,0.006293,0.003147,0.000187,0.002801,0.000158,1,0,NVIDIA GeForce RTX 3090
128,32,65,0.007473,0.000831,0.006642,0.003094,0.000186,0.003199,0.000162,1,1,NVIDIA GeForce RTX 3090
128,32,65,0.006996,0.001111,0.005885,0.002975,0.000182,0.002571,0.000158,1,2,NVIDIA GeForce RTX 3090
128,32,65,0.006670,0.000859,0.005811,0.003124,0.000179,0.002349,0.000160,1,3,NVIDIA GeForce RTX 3090
128,64,129,0.008824,0.001204,0.007620,0.003012,0.000214,0.004112,0.000283,1,0,NVIDIA GeForce RTX 3090
128,64,129,0.009355,-0.004477,0.013832,0.008978,0.000217,0.004356,0.000280,1,1,NVIDIA GeForce RTX 3090
128,64,129,0.008423,0.001241,0.007182,0.003000,0.000208,0.003686,0.000288,1,2,NVIDIA GeForce RTX 3090
128,64,129,0.008483,0.001077,0.007406,0.003244,0.000207,0.003686,0.000269,1,3,NVIDIA GeForce RTX 3090
128,128,257,0.012763,0.002681,0.010082,0.003402,0.000261,0.005683,0.000736,1,0,NVIDIA GeForce RTX 3090
128,128,257,0.013356,0.002480,0.010876,0.003496,0.000258,0.006383,0.000739,1,1,NVIDIA GeForce RTX 3090
128,128,257,0.011319,0.002332,0.008987,0.003320,0.000227,0.004803,0.000637,1,2,NVIDIA GeForce RTX 3090
128,128,257,0.011649,0.002064,0.009585,0.003336,0.000229,0.005395,0.000625,1,3,NVIDIA GeForce RTX 3090
128,256,513,0.017522,0.004554,0.012968,0.003291,0.000271,0.007836,0.001570,1,0,NVIDIA GeForce RTX 3090
128,256,513,0.019171,0.004302,0.014869,0.003498,0.000283,0.009356,0.001732,1,1,NVIDIA GeForce RTX 3090
128,256,513,0.019064,0.004357,0.014707,0.003535,0.000281,0.009198,0.001694,1,2,NVIDIA GeForce RTX 3090
128,256,513,0.016817,0.003325,0.013492,0.003288,0.000260,0.008470,0.001474,1,3,NVIDIA GeForce RTX 3090
128,512,1025,0.028700,0.006987,0.021713,0.003612,0.000307,0.014436,0.003358,1,0,NVIDIA GeForce RTX 3090
128,512,1025,0.031337,0.007031,0.024306,0.003508,0.000302,0.017075,0.003421,1,1,NVIDIA GeForce RTX 3090
128,512,1025,0.029671,0.006906,0.022765,0.003562,0.000296,0.015428,0.003479,1,2,NVIDIA GeForce RTX 3090
128,512,1025,0.026904,0.006584,0.020320,0.003487,0.000304,0.013539,0.002989,1,3,NVIDIA GeForce RTX 3090
128,1024,2049,0.047221,0.012083,0.035138,0.003458,0.000314,0.025117,0.006248,1,0,NVIDIA GeForce RTX 3090
128,1024,2049,0.062684,0.016310,0.046374,0.004216,0.000350,0.033923,0.007885,1,1,NVIDIA GeForce RTX 3090
128,1024,2049,0.046165,0.011807,0.034358,0.003536,0.000304,0.024415,0.006103,1,2,NVIDIA GeForce RTX 3090
128,1024,2049,0.057355,0.015661,0.041694,0.003753,0.000363,0.029986,0.007592,1,3,NVIDIA GeForce RTX 3090
128,2048,4097,0.096529,0.020838,0.075691,0.007319,0.000343,0.053849,0.014181,1,0,NVIDIA GeForce RTX 3090
128,2048,4097,0.139775,0.040785,0.098990,0.003962,0.000419,0.073400,0.021209,1,1,NVIDIA GeForce RTX 3090
128,2048,4097,0.091922,0.024634,0.067288,0.003667,0.000336,0.049909,0.013376,1,2,NVIDIA GeForce RTX 3090
128,2048,4097,0.102763,0.025769,0.076994,0.004558,0.000350,0.057539,0.014547,1,3,NVIDIA GeForce RTX 3090
128,4096,8193,0.188671,0.052669,0.136002,0.003719,0.000377,0.102577,0.029328,1,0,NVIDIA GeForce RTX 3090
128,4096,8193,0.294128,0.081982,0.212146,0.014889,0.000483,0.150093,0.046681,1,1,NVIDIA GeForce RTX 3090
128,4096,8193,0.198558,0.062062,0.136496,0.003957,0.000415,0.099524,0.032600,1,2,NVIDIA GeForce RTX 3090
128,4096,8193,0.218820,0.066493,0.152327,0.004092,0.000433,0.113651,0.034150,1,3,NVIDIA GeForce RTX 3090
128,8192,16385,0.420933,0.113741,0.307192,0.004619,0.000422,0.232250,0.069902,1,0,NVIDIA GeForce RTX 3090
128,8192,16385,0.644735,0.176080,0.468655,0.005203,0.000518,0.358005,0.104929,1,1,NVIDIA GeForce RTX 3090
128,8192,16385,0.418725,0.111616,0.307109,0.004523,0.000422,0.231459,0.070705,1,2,NVIDIA GeForce RTX 3090
128,8192,16385,0.422015,0.117097,0.304918,0.004815,0.000449,0.225394,0.074261,1,3,NVIDIA GeForce RTX 3090
128,16384,32769,0.923360,0.245921,0.677439,0.005103,0.000547,0.487019,0.184770,1,0,NVIDIA GeForce RTX 3090
128,16384,32769,1.350988,0.371710,0.979278,0.005512,0.000628,0.741410,0.231728,1,1,NVIDIA GeForce RTX 3090
128,16384,32769,0.820976,0.191551,0.629425,0.004855,0.000505,0.462949,0.161116,1,2,NVIDIA GeForce RTX 3090
128,16384,32769,0.971806,0.250674,0.721132,0.005241,0.000577,0.536904,0.178409,1,3,NVIDIA GeForce RTX 3090
128,32768,65537,1.918511,0.507722,1.410789,0.005677,0.000773,0.975966,0.428373,1,0,NVIDIA GeForce RTX 3090
128,32768,65537,2.961362,0.831625,2.129736,0.006273,0.000961,1.463421,0.659081,1,1,NVIDIA GeForce RTX 3090
128,32768,65537,1.979450,0.510141,1.469309,0.005631,0.000776,1.028433,0.434469,1,2,NVIDIA GeForce RTX 3090
128,32768,65537,2.083444,0.526566,1.556878,0.005668,0.000813,1.071043,0.479355,1,3,NVIDIA GeForce RTX 3090
128,65536,131073,4.168075,0.871886,3.296189,0.009619,0.001120,2.073001,1.212449,1,0,NVIDIA GeForce RTX 3090
128,65536,131073,6.640688,1.577766,5.062922,0.008035,0.001399,3.430466,1.623021,1,1,NVIDIA GeForce RTX 3090
128,65536,131073,4.442454,1.028383,3.414071,0.010596,0.001190,2.141199,1.261086,1,2,NVIDIA GeForce RTX 3090
128,65536,131073,5.017699,1.089045,3.928654,0.008053,0.001255,2.600551,1.318795,1,3,NVIDIA GeForce RTX 3090
128,131072,262145,10.336587,1.923293,8.413294,0.010821,0.001984,4.261596,4.138892,1,0,NVIDIA GeForce RTX 3090
128,131072,262145,15.875544,3.277733,12.597811,0.010615,0.002413,7.420844,5.163939,1,1,NVIDIA GeForce RTX 3090
128,131072,262145,10.537647,1.931474,8.606174,0.007517,0.001977,4.458559,4.138121,1,2,NVIDIA GeForce RTX 3090
128,131072,262145,11.562174,2.265393,9.296781,0.008717,0.002194,4.669245,4.616625,1,3,NVIDIA GeForce RTX 3090
128,262144,524289,29.308504,4.109028,25.199476,0.022610,0.003798,9.585669,15.587399,1,0,NVIDIA GeForce RTX 3090
128,262144,524289,41.178421,6.770893,34.407528,0.024591,0.004538,15.937526,18.440872,1,1,NVIDIA GeForce RTX 3090
128,262144,524289,30.224705,4.079422,26.145283,0.017315,0.003796,10.493637,15.630536,1,2,NVIDIA GeForce RTX 3090
128,262144,524289,32.446102,4.790943,27.655159,0.023579,0.004161,10.664762,16.962658,1,3,NVIDIA GeForce RTX 3090
128,524288,1048577,86.932846,8.669579,78.263268,0.033094,0.008375,19.082584,59.139214,1,0,NVIDIA GeForce RTX 3090
128,524288,1048577,118.736946,15.231102,103.505844,0.034905,0.010066,36.564178,66.896698,1,1,NVIDIA GeForce RTX 3090
128,524288,1048577,90.155655,8.880936,81.274719,0.039672,0.008357,21.307076,59.919617,1,2,NVIDIA GeForce RTX 3090
128,524288,1048577,96.876213,9.970131,86.906082,0.027997,0.009041,22.979258,63.889790,1,3,NVIDIA GeForce RTX 3090
128,1048576,2097153,293.221436,19.155212,274.066223,0.032208,0.016940,44.268288,229.748795,1,0,NVIDIA GeForce RTX 3090
128,1048576,2097153,374.999207,35.670441,339.328766,0.050171,0.021055,81.091187,258.166351,1,1,NVIDIA GeForce RTX 3090
128,1048576,2097153,290.996643,18.551758,272.444885,0.042512,0.017115,40.908638,231.476624,1,2,NVIDIA GeForce RTX 3090
128,1048576,2097153,314.991089,18.025116,296.965973,0.044430,0.017887,46.999268,249.904388,1,3,NVIDIA GeForce RTX 3090
128,4,9,0.004217,0.000316,0.003901,0.002772,0.000113,0.000959,0.000057,2,0,NVIDIA GeForce RTX 3090
128,4,9,0.004147,0.000306,0.003841,0.002842,0.000116,0.000825,0.000058,2,1,NVIDIA GeForce RTX 3090
128,4,9,0.003929,-0.000011,0.003940,0.003140,0.000110,0.000636,0.000054,2,2,NVIDIA GeForce RTX 3090
128,4,9,0.004052,-0.000337,0.004389,0.003624,0.000134,0.000566,0.000065,2,3,NVIDIA GeForce RTX 3090
128,8,17,0.005717,0.000421,0.005296,0.003187,0.000136,0.001897,0.000075,2,0,NVIDIA GeForce RTX 3090
128,8,17,0.005077,0.000414,0.004663,0.002810,0.000130,0.001646,0.000077,2,1,NVIDIA GeForce RTX 3090
128,8,17,0.005337,0.000494,0.004843,0.002944,0.000156,0.001654,0.000089,2,2,NVIDIA GeForce RTX 3090
128,8,17,0.004973,0.000436,0.004537,0.002894,0.000139,0.001428,0.000077,2,3,NVIDIA GeForce RTX 3090
128,16,33,0.005660,-0.000255,0.005915,0.003748,0.000151,0.001911,0.000105,2,0,NVIDIA GeForce RTX 3090
128,16,33,0.005974,0.000698,0.005276,0.002908,0.000183,0.002057,0.000128,2,1,NVIDIA GeForce RTX 3090
128,16,33,0.006254,0.000733,0.005521,0.003084,0.000185,0.002121,0.000131,2,2,NVIDIA GeForce RTX 3090
128,16,33,0.006365,-0.004792,0.011157,0.009047,0.000165,0.001837,0.000108,2,3,NVIDIA GeForce RTX 3090
128,32,65,0.007613,0.001107,0.006506,0.003093,0.000184,0.003068,0.000161,2,0,NVIDIA GeForce RTX 3090
128,32,65,0.007568,0.001013,0.006555,0.003156,0.000204,0.003004,0.000190,2,1,NVIDIA GeForce RTX 3090
128,32,65,0.007000,0.000835,0.006165,0.003113,0.000193,0.002702,0.000157,2,2,NVIDIA GeForce RTX 3090
128,32,65,0.006743,0.000813,0.005930,0.003100,0.000177,0.002502,0.000151,2,3,NVIDIA GeForce RTX 3090
128,64,129,0.008957,-0.002665,0.011622,0.007681,0.000206,0.003447,0.000289,2,0,NVIDIA GeForce RTX 3090
128,64,129,0.008902,0.001158,0.007744,0.003145,0.000208,0.004115,0.000276,2,1,NVIDIA GeForce RTX 3090
128,64,129,0.008721,0.001201,0.007520,0.003155,0.000203,0.003878,0.000285,2,2,NVIDIA GeForce RTX 3090
128,64,129,0.008554,-0.002925,0.011479,0.007459,0.000206,0.003541,0.000273,2,3,NVIDIA GeForce RTX 3090
128,128,257,0.012679,0.002450,0.010229,0.003423,0.000253,0.005834,0.000718,2,0,NVIDIA GeForce RTX 3090
128,128,257,0.012615,0.002668,0.009947,0.003232,0.000251,0.005712,0.000752,2,1,NVIDIA GeForce RTX 3090
128,128,257,0.012504,0.002388,0.010116,0.003668,0.000243,0.005485,0.000720,2,2,NVIDIA GeForce RTX 3090
128,128,257,0.011346,0.002323,0.009023,0.003332,0.000239,0.004834,0.000618,2,3,NVIDIA GeForce RTX 3090
128,256,513,0.016076,0.002816,0.013260,0.003639,0.000227,0.008263,0.001131,2,0,NVIDIA GeForce RTX 3090
128,256,513,0.019087,0.004355,0.014732,0.003577,0.000287,0.009207,0.001661,2,1,NVIDIA GeForce RTX 3090
128,256,513,0.018761,0.004291,0.014470,0.003436,0.000268,0.009153,0.001614,2,2,NVIDIA GeForce RTX 3090
128,256,513,0.018185,0.001116,0.017069,0.006744,0.000283,0.008464,0.001577,2,3,NVIDIA GeForce RTX 3090
128,512,1025,0.024184,0.005630,0.018554,0.003359,0.000264,0.012235,0.002696,2,0,NVIDIA GeForce RTX 3090
128,512,1025,0.035876,0.007708,0.028168,0.003908,0.000307,0.020513,0.003440,2,1,NVIDIA GeForce RTX 3090
128,512,1025,0.029693,0.007073,0.022620,0.003507,0.000298,0.015744,0.003072,2,2,NVIDIA GeForce RTX 3090
128,512,1025,0.027850,0.003367,0.024483,0.006617,0.000307,0.014580,0.002979,2,3,NVIDIA GeForce RTX 3090
128,1024,2049,0.049294,0.014462,0.034832,0.003545,0.000314,0.024240,0.006733,2,0,NVIDIA GeForce RTX 3090
128,1024,2049,0.068216,0.016984,0.051232,0.003761,0.000343,0.039364,0.007764,2,1,NVIDIA GeForce RTX 3090
128,1024,2049,0.051687,0.014136,0.037551,0.003999,0.000323,0.026195,0.007034,2,2,NVIDIA GeForce RTX 3090
128,1024,2049,0.049272,0.012986,0.036286,0.003599,0.000340,0.025673,0.006674,2,3,NVIDIA GeForce RTX 3090
128,2048,4097,0.096866,0.026113,0.070753,0.003527,0.000345,0.053290,0.013591,2,0,NVIDIA GeForce RTX 3090
128,2048,4097,0.117925,0.033990,0.083935,0.004273,0.000385,0.062033,0.017244,2,1,NVIDIA GeForce RTX 3090
128,2048,4097,0.103667,0.030327,0.073340,0.003700,0.000361,0.054345,0.014934,2,2,NVIDIA GeForce RTX 3090
128,2048,4097,0.117949,0.032803,0.085146,0.003682,0.000386,0.065054,0.016024,2,3,NVIDIA GeForce RTX 3090
128,4096,8193,0.193521,0.051406,0.142115,0.003764,0.000373,0.108149,0.029829,2,0,NVIDIA GeForce RTX 3090
128,4096,8193,0.245062,0.069101,0.175961,0.003968,0.000430,0.132485,0.039078,2,1,NVIDIA GeForce RTX 3090
128,4096,8193,0.186820,0.052162,0.134658,0.003839,0.000377,0.101260,0.029181,2,2,NVIDIA GeForce RTX 3090
128,4096,8193,0.258602,0.077821,0.180781,0.004276,0.000481,0.133517,0.042507,2,3,NVIDIA GeForce RTX 3090
128,8192,16385,0.394438,0.110294,0.284144,0.005506,0.000423,0.208258,0.069958,2,0,NVIDIA GeForce RTX 3090
128,8192,16385,0.598624,0.171105,0.427519,0.005185,0.000507,0.317302,0.104526,2,1,NVIDIA GeForce RTX 3090
128,8192,16385,0.416360,0.108875,0.307485,0.004667,0.000421,0.230346,0.072051,2,2,NVIDIA GeForce RTX 3090
128,8192,16385,0.443819,0.115893,0.327926,0.004906,0.000457,0.247907,0.074657,2,3,NVIDIA GeForce RTX 3090
128,16384,32769,0.907301,0.244345,0.662956,0.004896,0.000543,0.472969,0.184547,2,0,NVIDIA GeForce RTX 3090
128,16384,32769,1.324152,0.348755,0.975397,0.007022,0.000651,0.715646,0.252078,2,1,NVIDIA GeForce RTX 3090
128,16384,32769,0.922778,0.235549,0.687229,0.004926,0.000553,0.494060,0.187690,2,2,NVIDIA GeForce RTX 3090
128,16384,32769,0.895322,0.248005,0.647317,0.004995,0.000562,0.479279,0.162481,2,3,NVIDIA GeForce RTX 3090
128,32768,65537,2.089933,0.521410,1.568523,0.005787,0.000754,1.138920,0.423061,2,0,NVIDIA GeForce RTX 3090
128,32768,65537,2.980914,0.847444,2.133471,0.006157,0.000943,1.527017,0.599353,2,1,NVIDIA GeForce RTX 3090
128,32768,65537,1.918327,0.501032,1.417295,0.005441,0.000754,1.007232,0.403866,2,2,NVIDIA GeForce RTX 3090
128,32768,65537,1.972318,0.516344,1.455974,0.005858,0.000799,1.016173,0.433145,2,3,NVIDIA GeForce RTX 3090
128,65536,131073,4.146792,0.904573,3.242218,0.006529,0.001122,2.022862,1.211705,2,0,NVIDIA GeForce RTX 3090
128,65536,131073,8.019229,2.121274,5.897955,0.010618,0.001619,3.897384,1.988335,2,1,NVIDIA GeForce RTX 3090
128,65536,131073,4.618760,1.081185,3.537575,0.007412,0.001190,2.267141,1.261833,2,2,NVIDIA GeForce RTX 3090
128,65536,131073,4.647219,1.047697,3.599522,0.007358,0.001252,2.189579,1.401333,2,3,NVIDIA GeForce RTX 3090
128,131072,262145,11.054448,2.280972,8.773477,0.008558,0.002086,4.469919,4.292913,2,0,NVIDIA GeForce RTX 3090
128,131072,262145,15.892139,3.377858,12.514281,0.013052,0.002418,7.348190,5.150621,2,1,NVIDIA GeForce RTX 3090
128,131072,262145,10.841589,1.949748,8.891841,0.007672,0.001972,4.710412,4.171785,2,2,NVIDIA GeForce RTX 3090
128,131072,262145,12.048379,2.282168,9.766211,0.016624,0.002187,5.041718,4.705682,2,3,NVIDIA GeForce RTX 3090
128,262144,524289,29.478680,4.211941,25.266739,0.021690,0.003818,9.580373,15.660858,2,0,NVIDIA GeForce RTX 3090
128,262144,524289,43.940773,7.628361,36.312412,0.028555,0.004756,17.186434,19.092667,2,1,NVIDIA GeForce RTX 3090
128,262144,524289,29.895315,4.117727,25.777588,0.023148,0.003778,10.124942,15.625720,2,2,NVIDIA GeForce RTX 3090
128,262144,524289,31.819227,4.681480,27.137747,0.021852,0.004160,10.123187,16.988548,2,3,NVIDIA GeForce RTX 3090
128,524288,1048577,89.351959,8.871765,80.480194,0.029957,0.008379,21.081562,59.360298,2,0,NVIDIA GeForce RTX 3090
128,524288,1048577,117.175850,15.363655,101.812195,0.037183,0.010074,34.939404,66.825531,2,1,NVIDIA GeForce RTX 3090
128,524288,1048577,89.081375,8.729736,80.351639,0.030259,0.008360,20.642488,59.670536,2,2,NVIDIA GeForce RTX 3090
128,524288,1048577,94.144341,8.429466,85.714874,0.021624,0.008719,22.286081,63.398445,2,3,NVIDIA GeForce RTX 3090
128,1048576,2097153,283.741333,15.991211,267.750122,0.031292,0.016287,42.277996,225.424530,2,0,NVIDIA GeForce RTX 3090
128,1048576,2097153,379.041351,35.826721,343.214630,0.046507,0.021069,83.009506,260.137543,2,1,NVIDIA GeForce RTX 3090
128,1048576,2097153,296.449951,18.845642,277.604309,0.047347,0.017050,44.963306,232.576599,2,2,NVIDIA GeForce RTX 3090
128,1048576,2097153,317.380890,20.561096,296.819794,0.044043,0.018537,48.775490,247.981735,2,3,NVIDIA GeForce RTX 3090
